source,target
indonesia,jawa
indonesia,islam
indonesia,masyarakat
indonesia,rakyat
indonesia,covid
indonesia,orang
indonesia,dunia
indonesia,bahasa
indonesia,aceh
indonesia,negara
indonesia,tunggu
indonesia,anak
indonesia,agama
indonesia,pancasila
indonesia,terbesar
indonesia,agen
indonesia,bandar
indonesia,bonus
indonesia,ceme
indonesia,com
indonesia,daftar
indonesia,dominoqq
indonesia,idnpoker
indonesia,kontak
indonesia,michelle
indonesia,omaha
indonesia,situs
indonesia,terpercaya
indonesia,whatsapp
indonesia,freeport
jawa,orang
jawa,bahasa
jawa,aceh
jawa,pancasila
islam,masyarakat
islam,dunia
islam,negara
islam,agama
islam,pancasila
islam,terbesar
masyarakat,orang
masyarakat,anak
masyarakat,agama
masyarakat,freeport
rakyat,aceh
rakyat,negara
covid,orang
covid,dunia
covid,bahasa
orang,bahasa
orang,aceh
orang,negara
orang,anak
orang,bandar
dunia,negara
dunia,agama
dunia,terbesar
bahasa,negara
negara,agama
negara,pancasila
negara,terbesar
tunggu,terbesar
tunggu,agen
tunggu,bandar
tunggu,bonus
tunggu,ceme
tunggu,com
tunggu,daftar
tunggu,dominoqq
tunggu,idnpoker
tunggu,kontak
tunggu,michelle
tunggu,omaha
tunggu,situs
tunggu,terpercaya
tunggu,whatsapp
agama,pancasila
agama,terbesar
terbesar,agen
terbesar,bandar
terbesar,bonus
terbesar,ceme
terbesar,com
terbesar,daftar
terbesar,dominoqq
terbesar,idnpoker
terbesar,kontak
terbesar,michelle
terbesar,omaha
terbesar,situs
terbesar,terpercaya
terbesar,whatsapp
agen,bandar
agen,bonus
agen,ceme
agen,com
agen,daftar
agen,dominoqq
agen,idnpoker
agen,kontak
agen,michelle
agen,omaha
agen,situs
agen,terpercaya
agen,whatsapp
bandar,bonus
bandar,ceme
bandar,com
bandar,daftar
bandar,dominoqq
bandar,idnpoker
bandar,kontak
bandar,michelle
bandar,omaha
bandar,situs
bandar,terpercaya
bandar,whatsapp
bonus,ceme
bonus,com
bonus,daftar
bonus,dominoqq
bonus,idnpoker
bonus,kontak
bonus,michelle
bonus,omaha
bonus,situs
bonus,terpercaya
bonus,whatsapp
ceme,com
ceme,daftar
ceme,dominoqq
ceme,idnpoker
ceme,kontak
ceme,michelle
ceme,omaha
ceme,situs
ceme,terpercaya
ceme,whatsapp
com,daftar
com,dominoqq
com,idnpoker
com,kontak
com,michelle
com,omaha
com,situs
com,terpercaya
com,whatsapp
daftar,dominoqq
daftar,idnpoker
daftar,kontak
daftar,michelle
daftar,omaha
daftar,situs
daftar,terpercaya
daftar,whatsapp
dominoqq,idnpoker
dominoqq,kontak
dominoqq,michelle
dominoqq,omaha
dominoqq,situs
dominoqq,terpercaya
dominoqq,whatsapp
idnpoker,kontak
idnpoker,michelle
idnpoker,omaha
idnpoker,situs
idnpoker,terpercaya
idnpoker,whatsapp
kontak,michelle
kontak,omaha
kontak,situs
kontak,terpercaya
kontak,whatsapp
michelle,omaha
michelle,situs
michelle,terpercaya
michelle,whatsapp
omaha,situs
omaha,terpercaya
omaha,whatsapp
situs,terpercaya
situs,whatsapp
terpercaya,whatsapp
